empresa,org,uf,municipio,local,tipoObra,fonte,valor,contato,cargo,tel,email,status,data,notas
Coopatos,Cooperativa,,,,Armazenagem / Silos,Notícia / Anúncio,0,A identificar,A identificar,,,Mapeado,16/04/2024,"Cooperativa Coopatos investindo em unidade armazenadora de grãos. Próximo passo: contatar a cooperativa para conhecer detalhes do projeto, cronograma e necessidades de execução.  | https://news.google.com/rss/articles/CBMirAFBVV95cUxOX3FkcDZUMXUtQldEcl93cGlWYlZHSU1ydVg4MFp5X1FkSDh0ODhCSDNnQmU2TVBRQ3c5UW5ieWp6M2M3R3h4cF9wdzJGOUJsN2VUMHJEaWtDSzlQZUxpWV85VzlNam10VVBWOUFjZjVEX1BPSWJzLWZLckNJUURldHBuZ0cyaGNSbDA5YmpFdEVqT0R0TDlXdGZ3ZVFPYUpXTlJZZ2dlVEtlb1BW?oc=5"
Aurora,Cooperativa,MS,,,Armazenagem / Silos,Notícia / Anúncio,0,A identificar,A identificar,,,Mapeado,12/01/2021,Aurora inaugura unidade armazenadora de grãos em MS. Oportunidade de prospecção para futuros projetos de expansão ou modernização de armazenagem.  | https://news.google.com/rss/articles/CBMiogFBVV95cUxORnZldS1nTGV3RjduYW5JcTRwTk10UTEzbFFUdjgyeVZrNkotN3FVQmwyVG1QSml1azE2eENybXdmMlJfUE15c0hfaDl4Wm1WckpPbUNnbHA1RUxPZkJFVTlWblNlYkVpQzUwV0d0aHY3dVZ4cTRxMGtmODJUUVhfRDVhZFMzYXgwUi11ZWNEbTJETzNQOEdUQmt5MWJRUWlsTFE?oc=5
Cotrijuc e Camal,Cooperativa,RS,Aceguá,,Armazenagem / Silos,Notícia / Anúncio,0,A identificar,A identificar,,,Mapeado,17/11/2022,Início de terraplenagem para construção de unidade armazenadora de grãos em Aceguá/RS. Sugerido contato direto com Cotrijuc e Camal para obter detalhes do projeto e oportunidades de execução.  | https://news.google.com/rss/articles/CBMi0wFBVV95cUxPekRfMGZlMVJMTWZ2RW9WcWh4enp6dW9QakpuTEtybGNfbi1keVpnVXpwZFI3bTFZamNyQlhoTmwtNlBxcHl4bmlYVHo4dXhvc3VxaHp1Y3JEN1ppQXRMYnhkUDY3bXhQdnV5dlNkNzc0bWZMckxoN21KdFdHYTc4eVF1Q0dPbk85U0ZwbVRNUk4yMHZteHdGMllkZldjNEwtZWVtZ3JlaUV4OEg2YTJkTGNHaUNQYk92LVBDTnhKMlQ5OHRab2NDdmN0YWo4bk9KMXBv?oc=5
Coamo,Cooperativa,PR,,,Fábrica de Ração,Notícia / Anúncio,1700000000,A identificar,A identificar,,,Mapeado,16/08/2024,"Coamo inaugura fábrica de ração e inicia grande investimento em etanol (R$ 1,7 bi). Prospectar detalhes das obras complementares de infraestrutura industrial.  | https://news.google.com/rss/articles/CBMiyAFBVV95cUxQUTZNYXZPWUpJM0cxbkF4YXA2WWt0d2xUSmV3aDRYWVlQcE53ZUNsR1Q5akMtbElVMmtzTXlnX0hTUjJLYmtjUkhYMHhwUlZxUkRhN1hpQkpDUFNJR1BRVHhiU1psV1hFeVNsVkg0bGFSSjhfU3JXSEgxRElLUzFLQV93MVNtMG9lUjRFS3VNNUlFZnphVERUOENrTk5tWGp6YjdYcU1JbjNBM0x6RkNQbkUtYThHMGFOdGVoOGtvekdleFNfUUl1aw?oc=5"
Cooperativa Castrolanda,Cooperativa,PR,,,Fábrica de Ração,Notícia / Anúncio,770000,A identificar,A identificar,,,Mapeado,27/10/2020,Cooperativa Castrolanda amplia fábrica de ração com investimento de R$ 770 mil. Sugerido: contatar cooperativa para confirmar cronograma e participação em licitação/cotação.  | https://news.google.com/rss/articles/CBMi0wFBVV95cUxQU3RIMElCdTAzd1cwbGVDSFkxMGJqcVpyTm5lSVNtbm00NTRuOUFqRzFaR0pLeHQ1cm1lR1RKSHIwMGZ2VlFLT01PdHh5RXNucThEUWRJVmNha0VmSHF0RG90TXBHZXJ6S2QwZVpoUUpaZ01pUTEtOTdJUWVoNFJOU0hQQVllSmUwTkx3cmt5UUhxaVpWTVU0eEhYNzFGMTNhNDRfSksyVEFGdkpZY05yRjVLOU5kcER0SWFuMDdVY0tCdHI3X1ZQbTBaRkoyUUw1VlF3?oc=5
Cooperativa,Cooperativa,PR,,,Armazenagem / Silos,Notícia / Anúncio,25200000,A identificar,A identificar,,,Mapeado,23/03/2024,"Cooperativa investe R$ 25,2 milhões em silos no Paraná. Próximo passo: identificar cooperativa, localização exata da obra e decisores para prospecção direta.  | https://news.google.com/rss/articles/CBMimwFBVV95cUxPZHdrU1M0Z1luaVp3ZWR6a014VWYwd1RkVEtTbWlMR0hjRU5jczh3M0RiRUUtNlFkalN1d25QcGlLQVhKTE9wN0M1b3VKdkRndE9ORU5aUlRCd0FJM0pXNFRtVEZoZjQzX2JqT0k0WU9vUXp5Ui1tTjdrZ2E3azBRd041VS1pZW5lYTFxYzB0RHZ1THJmMVVTcE9lVQ?oc=5"
Capal Cooperativa Agroindustrial,Cooperativa,,,,Armazenagem / Silos,Notícia / Anúncio,80000000,A identificar,A identificar,,,Mapeado,22/01/2024,Cooperativa investe R$ 80 milhões em aumento de capacidade de armazenamento de grãos. Próximo passo: identificar localização da obra e responsável pelo projeto.  | https://news.google.com/rss/articles/CBMizwFBVV95cUxQLWJWV0hfS2VkMXVfY1h6N3FNMzhaeGFQY0xtS01ZaFRnRTNRNFVaUjFBQ0hDS1lYUi1RTGliSHZLek5uc21zQ0tVNm9jWW9LdlVwcHMxeXdaYmlFRzQ4WUlDNTNHZVA0UFN4MFpRQURVOUNVd3lWRWpYZ0NUTGF2cUtSU0JaZG03eUpHcmxIX2VpYmtyUTFWMUNaRWdSUDhoNFNpanQ4SmhEODRRYjdIZTQ4cDdqRHVVZ2s2WWE1ZThyUzktMjdxNGtLU1Nya00?oc=5
Capal,Cooperativa,,,,Armazenagem / Silos,Notícia / Anúncio,300000000,A identificar,A identificar,,,Mapeado,23/08/2023,"Cooperativa Capal investe R$ 300 milhões em expansão e melhoria de unidades. Próximo passo: obter detalhes sobre cronograma, localidades das obras e contatos do decisor responsável pelos projetos.  | https://news.google.com/rss/articles/CBMiwAFBVV95cUxObWhQRzdQY1lSalJlUnhRUEdjY0w0MkJma3JhMk1sTzMza1lPeXNvc1NuX0MyVjNrLWZJWTdQYTdtS0c1TWtCaW5xeURoUnpibllfVFVEWW9iYUhDNkplSG5wVkh3eVdpYzJ4cl9VcngxdllQMXdiTmNEQURoNUhDa0tzdzdwV0s4Y1JWMHFRbVRBRmxMc0RKdXhuSTEza0pLSktKeUZqeW9fbWVZSE1HZTVtT3k3UUQ5ZWdNREpQdDk?oc=5"
Frísia,Cooperativa,PR,,,Armazenagem / Silos,Notícia / Anúncio,40000000,A identificar,A identificar,,,Mapeado,25/04/2024,"Frísia receberá R$ 40 milhões do BNDES para modernizar silos no Paraná. Recomenda-se prospecção junto à cooperativa para identificar escopo, cronograma e oportunidades de execução de obras.  | https://news.google.com/rss/articles/CBMiugFBVV95cUxOYk9XOVoyQUR4RGp4MGdfc0VkUnQ1M3Rqa2YxS003VDVfdW1oY0pDSUh5SWZZWXZoMlF6b09EaG1DQll5cUpjdU4xNDg2UkZKWVZTMGgyeHJTS1h3bVdjM3dfODNzVlNseFVVM3pWTENXN2J3b3ZjS2k2SE1qM01kNkNXUGxJMWwwSkRQTHliMVNRSW0zLW5Cb2pmWU5hNkZvT0F0S05HVGljcW9wQmt3SmhXUUhDRW9RSlE?oc=5"
C.Vale,Cooperativa,,,,Armazenagem / Silos,Notícia / Anúncio,113000000,A identificar,A identificar,,,Mapeado,21/05/2025,"C.Vale amplia capacidade de armazenagem e constrói depósito de embalagens com financiamento de R$ 113 mi do BNDES. Próximo passo: contatar a cooperativa para identificar localização, projeto e responsáveis pela obra.  | https://news.google.com/rss/articles/CBMiygFBVV95cUxPcFZlbGM2R2NzejFnZ25fZWN1ZUlqN3BJYkZVaVJpVEtiTEJybnk1Z1pRWGxpQXlrYy04cjZXb0VtMllsVmlxR2hVczJUMktoU2dHeTZuZ2QxcmdhZUlIM3cwOFVmTk5RdGpVT0hiTWZNdFJOallTaDJjVjA3eVRoS1ZDbUJKUHk4Zm5WMWJLbmVUSndBdmdVTW0tQlFiajhEemlCNEl5TlBKMzZlQ1FkX1hYRUV0WkJRZ0w5bW9wVVljM3NTbjlLaktR?oc=5"
C.Vale,Cooperativa,PR,,,Estrutura Industrial Geral,Notícia / Anúncio,47500000,A identificar,A identificar,,,Mapeado,20/05/2026,"BNDES libera R$ 47,5 milhões para expansão da C.Vale em PR e MT. Próximo passo: contatar a cooperativa para identificar detalhes do projeto e escopo de obras.  | https://news.google.com/rss/articles/CBMiogFBVV95cUxNTk8zUUljS19FeWpxUGdaZFhRMUdtVGMzbXloZkJldzlCTWFVcXJJQ3Z6eUJGSjE0R0tTUDNWMHVySU5YZUZOVUhrbmFyc2d5RUtFM3lwMUlJbUVuQ2xhQUZRR2tlcTdQRXAyYnNXcEhjODF3aDNGclo5R1RZS2lKTTloMWx1TjAtd0FKcGY4UDI5WjdMVTQ1blMtdXo0LXNaRnc?oc=5"
Cooperativa Cotrisul,Cooperativa,RS,,,Armazenagem / Silos,Notícia / Anúncio,0,A identificar,A identificar,,,Mapeado,27/03/2025,"Cooperativa Cotrisul em expansão de armazenagem de grãos no RS. Próximo passo: obter detalhes do projeto, localização, escopo e contato decisor para apresentar proposta.  | https://news.google.com/rss/articles/CBMi8gFBVV95cUxPS3ZVX2hkdjNWVWRnQkhNZjJtc2ZMVjR3NHoxYXdlb1BpbFJpMlRWbTRHbm9XOEFkSzNBVXgzOW9zRzlvOVpBSGw3NHMtanU2ZGlaaWFQZ1FrVWhEOV9HRExYRW5jUjRxTUdvWWZ5cjROUkgzZUNlS1dvczJMNTBzY1M1Z2hGel9sUGdocVRRNi1WeEZCbzBxSkJXRDEzNkVwU3FxbTlkREF5YmM2UHlJMVVLb2l2R0RQYlR4d016YTI1ajlrbl9MUXlyU3BhNDIxRDBCejV1TzdMZW95WWE4QzRxb2VzZjhmM3F1ZVlDcUtqQQ?oc=5"
Cotrijal,Cooperativa,RS,,,Armazenagem / Silos,Notícia / Anúncio,0,A identificar,A identificar,,,Mapeado,10/03/2025,"Cotrijal planeja ampliar capacidade de armazenagem de grãos em seis unidades. Recomenda-se contato direto com a cooperativa para detalhes de localização, cronograma e valor dos investimentos previstos.  | https://news.google.com/rss/articles/CBMiygFBVV95cUxQWTJPR3lha0UzVENMTjJDeXJSdVg5QmQ2MUNmZ2dwR2d0UW03bjloVi0wUS0tVTdmcGcxcjBSMVdJcEVFOEFSQTZaMzRqVVMyWnpiRVBrX1VGbUtyQ0JVS0IyNk9TWWdPVG9UWjFtcUxuY0dvcnBLeUxmNHhOYUVkM1preEFSbU9BZ2lMNlZLMEc3aVByZ1kzQXBXNlZuX2ZEOHRpQjd5dnB4ZEtRWWswYy1Qcmx3ZTFKM2dQd1hfUVplZFhyMXlCdTdn0gHYAUFVX3lxTE5RWUZBLXNwZEE3MWVGZ3REM3JVUDhQdkxKX0RmR1NPd0FNRi1hWUJES2N2UUFlRjh3LUk0U3c2cHNVay0wcENmbFhZTmprMlhzTmVEcENSNmxjMFhyZUZ3MDctZVdZcWlHUldZV1FVZG5xb1JLMXZPbTlaRlBIbDcwRXMta3l0eTkwNnYxR1llS194aVpsRXVfb21nZTJOSFgwLWVmbWxtVjZyUWw1dVlXdFpIV1Y0eEhWQXF3Q1ZCTUIyUDRndFJscjJEQ3VKNEN0djhucWF5Tw?oc=5"
Programa Estadual de Cooperativismo - MS,Cooperativa,MS,,,Armazenagem / Silos,Notícia / Anúncio,0,A identificar,A identificar,,,Mapeado,29/01/2025,Programa estadual em MS vai ampliar capacidade de armazenamento em cooperativas. Necessário identificar cooperativas beneficiadas e decisores para prospecção direta.  | https://news.google.com/rss/articles/CBMi3AFBVV95cUxPbTZ4dWJfek40T05rM3A3NmVSUXpxYnR6R2xUTDlPckNsWFJOcEdPdHlCaHE4cC1iNWZuelBlZHZQVzZXNW92TWJuX0hwT0Eya2FRYWRPLVlfWHg2Ym92RjRMWjh4bUs2eC1HZXdTOWFhYUhnZ3lkeVFjeXF6MXplTXZKY0RFTXBGMWZHTW1saVBRdEtOUlRQMDZQTk5fdmNzRU1LbXdFTUxYNjFWX2FOLWlvV2pvTEdaZEprU0ItMVM2NTNsZG9jMGJuT3JSY1pXT0JuNmRfOWg0b05C?oc=5
A identificar,Agroindústria,MS,Naviraí,,Estrutura Industrial Geral,Notícia / Anúncio,1000000000,A identificar,A identificar,,,Mapeado,12/05/2025,Investimento de R$ 1 bilhão em nova unidade de processamento de soja em Naviraí/MS com obras em andamento. Próximo passo: identificar empresa responsável e gestor do projeto para prospecção direta.  | https://news.google.com/rss/articles/CBMirAFBVV95cUxOc2dNMEZYai1STUdreVhreHlNRzVxMVRKdzBKWFpPNjVuOW1tZUtjWmhmeFZsdzlXVkV5VXBhZmJIYW9OMzl1UWtHNldEZlQ1RDZOMExXOGF0S056TjFXUG12d2p2S0dZcWtTbll2bHZjX2JFemxZRnpZakVORUtrT2hmQUZEem1BWlJQQ3kzdERKSGp0STNVZjdlenIyX19oRWlqeXdWdWcyWm1p?oc=5
A identificar,Produtor / Fazenda,MS,,,Armazenagem / Silos,Notícia / Anúncio,0,A identificar,A identificar,,,Mapeado,17/10/2025,Déficit de silos em MS evidencia demanda por novas estruturas de armazenagem; prospectar produtores e cooperativas da região para apresentar soluções de armazenagem.  | https://news.google.com/rss/articles/CBMisgFBVV95cUxPWGh0X3U0RUZVbzFoalFmN3ZOTWd3MXQzVjVFTXB2MTRaTnJvTGdzRndaN1U0S29Ga0p0ZDRleHJ2WmNQb2VxQWJnLU5za2QyVEJTQko5SDhvUmJIaUNsSjd1MjJ3UXV1bDZLZ0s1cE5weHlDb2pTeUpKVVEwZWF2Mk9hS0NScVFPQVVQWjFVcjJxZkNoOWJ2N2ZlRVB6VjM3WE5ZR0lOdHpqVlA3OUliSUFB0gGyAUFVX3lxTE1kdkgwTGlOZnhNRWdDTGdLMUJGOUFpa2Q0dGw1WnVIR1RGVGYwQkJXT2JCUExNbk81REktc2VlRlJJNC1DanZBRjVHX2tjenVJTkUxUzZRVWpHY0JhNklUcWljOVNnZVFXSFA4UTFSMEpGdmVnWVY3TW1sd095ZnNVVXI3ZTgzb1RSbkhXbFBPUmw0WlRIQWc2MEluVkdmbWp4OFZMbjVZVHYyVEtPXzdDVXc?oc=5
Cotrisul,Cooperativa,RS,,,Armazenagem / Silos,Notícia / Anúncio,0,A identificar,A identificar,,,Mapeado,28/04/2026,Cotrisul inaugurou novo armazém para recebimento de soja - sugerir prospecção para possíveis ampliações ou complementações estruturais  | https://news.google.com/rss/articles/CBMiuAFBVV95cUxOUVk2SDhsQnloVUoxdTJEVDhvX0trLVU5TnJ3SVp3NEpSbnJFRXZPTlNFV09PM2xlZEt4Q0RkTVVfTjJnYlB2bUhWcmEybnlES2xmQUFubERmMjE5Z2ZObTMwSE9UbjhTZlhJanY1TnR4WF9lZEhXNVNNVzhVQXhCVklTekdxV1N0RksxMFF0dWU2c1FxSTZENEZ4bVpkTWFSUjNWZUpadzkydUlXaW1mQzFaLTVFVVJt0gHHAUFVX3lxTE9Cc3VDVWlSWHExVmZmOFMxZ2wwdjlzS0tOa3gzSDBVZVhtbTFYUVVHU01mam9Bb2VsNUxJN1oyeWhZNnVldHE5aEI4TnNMNjdhemI0aXNLLThYejU3T21CRGhTNUJQNjZGcTVfUTI5UFp6XzBvczh2bzBmdG9XdW5jR21fTmFVRkt4Q3B1Yk5JQXJpMVo3WmlOSWw5YXRwT0pCUV84MlpUeG1oWVNpZjU2Q1V1UFdtV1p6c3hhS3VxMXZXc0wwRk0?oc=5
CCPR,Cooperativa,PR,,,Secador / Pré-limpeza,Notícia / Anúncio,45000000,A identificar,A identificar,,,Mapeado,23/10/2025,CCPR investe R$ 45 milhões em unidade de secagem de grãos no Paraná. Próximo passo: contatar a cooperativa para identificar responsável pelo projeto e oportunidades de manutenção/ampliações futuras.  | https://news.google.com/rss/articles/CBMiowFBVV95cUxNMzJwQl9BT2w1NGF5ZFFuWDlaSkdEN3BKdGYtd29waWJUOGZLa1FXdDdRUzMwdXdYQWZFRnEtbkNab19iZHFieFFMNjlSZHlKYkdaYVBEOEMxRDRjY2VNVGtFMFN1b3Q1UWM1WGZSOFd6cWhmck05WDhSVEdaXzJWb3FOWnlXVldmSTlvWWxwQm5SNV9ObVVnMVRQTmVZZVRPVndv?oc=5
Coamo,Cooperativa,MS,,,Sementeira / UBS,Notícia / Anúncio,0,A identificar,A identificar,,,Mapeado,29/10/2025,Coamo inaugura unidades de beneficiamento de sementes em MS. Próximo passo: buscar contato com decisores da cooperativa para conhecer detalhes técnicos e possíveis expansões futuras.  | https://news.google.com/rss/articles/CBMioAFBVV95cUxNN3ZucmFWT1Q1OFYycU5CS2lqMFFFUy1haWRYYjVJVzZaWW1ESXRjcUxteDktNmI4TkhuV3ZuVWxVbG9uX18zWlV0NDdTN2xUWkNNWU5SQVFkelMzMWRIWHhwVUI2TDloT2NOeEhDUklrb01GWjhOeEI3bl9NR1UzempjT0U0LXBxcVRWUDh3Vzd4ZEREZVZqNWZ5VWdsVVRj?oc=5
Coamo,Cooperativa,MS,Maracaju,,Sementeira / UBS,Notícia / Anúncio,0,A identificar,A identificar,,,Mapeado,28/10/2025,Coamo inaugurou moderna Unidade de Beneficiamento de Sementes em Maracaju/MS. Sugerir contato com a cooperativa para conhecer detalhes do projeto e verificar possibilidades de parcerias em futuras expansões.  | https://news.google.com/rss/articles/CBMiuAFBVV95cUxNZnMteWhNYjdBbHUyWHhGUUw1YnBVX1NrY2tfUk1xaUZTRGdGUGdDQm4td2Q5eGhZcm1oNTc4R0FzVmw1ZDF2NmtyU0xVNVd5UG5Od1pjR0ZkYktKRG5ZWHNja1Jzd3kwTlFja1RzNUI5U28tV2c5OE5HbkFUd0c1SW10U2t2cF9ESFlBN2ZOS3hQVnVBUDdPVEF6dHFkNXoxVWdldkF1Z183SUt3Q0J3SFk0Z0taQTFy?oc=5
Coamo,Cooperativa,PR,Tamarana,,Sementeira / UBS,Notícia / Anúncio,0,A identificar,A identificar,,,Mapeado,14/03/2026,"Coamo adquiriu sementeira da Belagrícola em Tamarana/PR. Verificar potencial de modernização, ampliação ou adequação da estrutura.  | https://news.google.com/rss/articles/CBMiowFBVV95cUxQdUtPM3ZibG9vZ3BRLUVERFNDd3BjS3BwZ2pPeGRDUGRKeHZwV3VaVk4zbkpkUkJZUUxOa2dpdjZheVJpY2l0MDRjZTNtZnRab2ZRMVN5ZXlCeEQ0bEZ4c3ZMVXNuQ05VeF9zRUY1SDF1aG0zYkdiczJOaHlQNnRsaHBBUHJUNllQRUgxNXloVlZCZ043QkQzVUJTb0FidmduLV80?oc=5"
Seara,Frigorífico,PR,,,Frigorífico / Granja,Notícia / Anúncio,475000000,A identificar,A identificar,,,Mapeado,03/12/2025,"Seara investe R$ 475 milhões em expansão de produção de frango no Paraná. Próximo passo: obter mais detalhes sobre localização, cronograma e responsáveis pelo projeto de engenharia.  | https://news.google.com/rss/articles/CBMiyAFBVV95cUxQVWtPY2tGN2dsSl8ycEUzZ2kySnFTbDlzY3R6VjBwZW9ENDlSV1lGWU55eXExUVNSdnp6clRlU0dDYUx6MkdIbnl4VzdiN2lzblV1YjBoNGNNVmRrSTRkd3BSN0xOZFZJYzdydUlweHg2WVhZS0dKdGdrQnlURXIwQ1VjWERfdWdwalBTS1lVMmVHM21VVUlJWjg4Ul9LNk9yOTFUTThPYVhBdFIteGFJc3F1c0E2TTNnSS1OYkJoYlIwVFdUS3BqZA?oc=5"
Aurora Coop,Cooperativa,RS,Tapejara,,Frigorífico / Granja,Notícia / Anúncio,210000000,A identificar,A identificar,,,Mapeado,21/11/2025,Aurora Coop inaugurou frigorífico Griller em Tapejara (RS) com investimento de R$ 210 milhões - obra já finalizada; indicado para prospectar novos projetos de expansão da cooperativa.  | https://news.google.com/rss/articles/CBMi4gFBVV95cUxNX2U4TjBOTWozZ2c4bWc1X01vT09kN3lHSU9wNnJMM05pa2wtT1FESktMd1VOcUMwNWhXVE5iVGZaWXVqX1dpYjdSdzVjVC1rUGtzbEdjMUFqNDhteEx0ZlBsR0xqVWJZVVBjR3dtUzMyU2ozYnBLdzRlNVlxZURSMGFxS1dXbENhNkhCY25tUXZzR0VidmFpLW5DSG5fU1FrRVhDQTFRenhFZi13d2J0WnRXLUZ1UFVCTzFwTmRjRng3NEpMUnRyV0EycE52aDViVjY2QlNfZmswV055MEdEdjRB?oc=5
Frísia,Frigorífico,PR,,,Frigorífico / Granja,Notícia / Anúncio,40000000,A identificar,A identificar,,,Mapeado,06/08/2015,Frísia investe R$ 40 mi em nova unidade de suínos. Próximo passo: contatar empresa para confirmar escopo de obra e apresentar capacidade técnica da Civil Obras.  | https://news.google.com/rss/articles/CBMixAFBVV95cUxPM05zNi1JQnBlejNxanZQUkpEdVFGdkhDckl0UDhsc3RiUVVkbXA5cTdrVTdfYU4ydDlLSU0zc0FJTmlaSGtiTmVUTWtrRFd4MnhCRFlzd2swQTEyXzFJdFFiTnUxblpIcTFEbjZWbFdMblQ4RWttOXJNcGRObjF5Z29BNGFJRjUweWdmWkZmT1h5QVJKaHFxMHMtbTFmNXRsdGJCdDVLc3FVRXNMU2VMcmtqSGpPQ0ZKeTJLbnZ6VWJOMGNn?oc=5
COOASGO,Cooperativa,GO,,Granja Rio Verde,Frigorífico / Granja,Notícia / Anúncio,0,A identificar,A identificar,,,Mapeado,08/03/2021,Cooperativa COOASGO em expansão da suinocultura com Granja Rio Verde em GO. Sugere-se contato direto com a cooperativa para conhecer escopo e cronograma de obras.  | https://news.google.com/rss/articles/CBMiqgFBVV95cUxNUU85ekphOWlmWVp1TjJ1Y050ZUZ5MmtRN19IRFppOFFYWnBjU3VSdTRJSlZEeGhrZ1k1QTd1NjF0U0xwVVhMUDhNTEo2X3cwc1A2RU13V3FOT1ZFUUNsd0M0d1k0YmsxU3B3UzdzQzNLd0ZEUzFGT2YyUkFXZXA0cG1tLXVGdVlGcnJ4bVlGdFNkR1lYU2hQWDQxZU1SdUlqX1Q4MHpSdmN2QQ?oc=5
A identificar,Cooperativa,MS,Rio Negro,,Frigorífico / Granja,Notícia / Anúncio,20000000,A identificar,A identificar,,,Mapeado,05/07/2023,Granja de suínos inaugurada em Rio Negro/MS com investimento de R$ 20 milhões. Próximo passo: identificar proprietário/gestor e avaliar demanda por obras complementares ou futuras expansões.  | https://news.google.com/rss/articles/CBMitwFBVV95cUxOM0k5YXR1NjdQVFV2VjZXS1dnTlJnZVFsRlpyQktBVGZHUHBnS2QwUFdmUmIwbk94dE52U005SGxENDRSUDNTbURqQzV2bTRhakxXSjZnYk1xdXRWTEJFMWt3SllBM1ZVU3lyUUVMcGVVNmZkOG5ITi1Od2FSMWZ4dEFIRkxQNGQ2U3VPVFhXbmxISEpQTU4xdVZuMWxPbW5hb1pPUGFQRlFzRFJDOVRvMDJWdm45Z00?oc=5
Capal,Cooperativa,PR,,,Estrutura Industrial Geral,Notícia / Anúncio,300000000,A identificar,A identificar,,,Mapeado,25/08/2023,Cooperativa Capal investe R$ 300 milhões em ampliação de estruturas. Recomenda-se contato direto com a cooperativa para identificar detalhes do projeto e participação em licititação ou parceria.  | https://news.google.com/rss/articles/CBMipgFBVV95cUxOLVpqOWI3a0NBZWxRcEl3M2hibTNKSm1ZNk1MVHJCZjNGeU1uazlRQ1BuVDRTaWpreVQ2aEFKVkVtYU02SU9Cb1M3YWpycExzVGlobkZnWnhUQ2pnN2E1NWdOZ1BwVVNHV1ZRZEQ2SWxIYVExS3NKVUdEQ25abkJydkFOY3ZVOWRwcTRpR0ZrQndGOUhCVEZmaXRoT0ZPQm8tRGc0SFpB?oc=5
Cobrac,Cerealista,,,,Armazenagem / Silos,Notícia / Anúncio,2800000,A identificar,A identificar,,,Mapeado,03/12/2015,"Cobrac investe R$ 2,8 milhões em estrutura para armazenagem de grãos. Recomenda-se contato direto para identificar fase de projeto e oportunidade de execução.  | https://news.google.com/rss/articles/CBMixgFBVV95cUxQU0VLUGcwZnFqNDVHSGw0UFd2c3J1UW1xdnJLUDRhV2NRekVCdEZETllUQXF6eDEwQzFNWE9zOGpIZU8xeXJLQ2pUdzB0aE9iRi05RjZoQm1qZm9PWllDMDJ0RjRSRXhmRC1xdlR5X1ZSTnJSaXFzaGh6ZWR4eEtHd0M0T0Z5MG5MaTNJdWFsTVkxRU5iVGVOWjBJZjlzc0w1ZDdkQTJ5czI4b0o5WGFReVNnVDRTc0pJZm5zRkI1RVotU3hGQ2fSAcsBQVVfeXFMT2tINl9ZdWRHMk5nbF9nYWVJSnZhMlRwMnhQdGl0UUtuS0tJejBKeGctdHNNTTNvcklxYWNoM3RlaV9tdTFteUJfTDc4aHhyLXA1eXNaTlBZU2FDclVlSWdBVXh1SG1sTUFVMUpicEpWcUdscU1ldE1lM21XUGlwbEM2QW85ekdobXFwVGNhOVM5YXFZOGx5dFpJSTNjVzRONTIzVzBJQWl3M01ndVNlMHBxS2xRN3VRcHZCNzY2SFk5QWp1elhtMHlMWnM?oc=5"
Aurora Coop,Cooperativa,SC,Chapecó,,Estrutura Industrial Geral,Notícia / Anúncio,0,A identificar,A identificar,,,Mapeado,15/04/2024,Aurora Coop inaugura unidade industrial em Chapecó - obra já concluída; investigar se há expansões planejadas ou novas plantas em desenvolvimento  | https://news.google.com/rss/articles/CBMimgFBVV95cUxNZDZDNTRaaHV2TmN6akxzUjdXQUhNc3ctZFlacTJKQk8zRlRUcTAxTHFQc3lWclhFU2djaTA4bUNWZFlPRDktMTlwVWZmZWZKMklfUkJ6ZllJQkp1MGVBdDZEQTBybmZrb0FwUVlEbjhucDhJbzVLY2JYLVpFX2tvWlhRRzZ3SDBHYVFwX0dZcTUxaVVwVWRZSVdB?oc=5
Coamo,Cooperativa,PR,Campo Mourão,,Estrutura Industrial Geral,Notícia / Anúncio,0,A identificar,A identificar,,,Mapeado,28/05/2026,Construção de usina de etanol de milho da Coamo em Campo Mourão já com 45% de execução. Próximo passo: qualificar-se para fases subsequentes da obra e manter contato com o gestor de projetos.  | https://news.google.com/rss/articles/CBMinwFBVV95cUxOTnY5d2ZUNmJwam12RWlxQVhtU3V1MjU5TTFDN2lUbU40R0dOajRMNHByVUpNV1VzTXQ3VWlLbmtFd1N1cEdodE9XSFVlOExTVi05QUw0THJnX1FfYjNoaUl2V2d6ZHlxVGZ5WTdNdXkzWko5QzZybDJ2dVZrczd4ZUR5UzJiM0E3UUFGcTNZR2x2ajRETURnR3hhNG52Nmc?oc=5
Coamo,Agroindústria,PR,Novo Cantu,,Estrutura Industrial Geral,Notícia / Anúncio,0,A identificar,A identificar,,,Mapeado,28/05/2026,Coamo em fase de montagens de nova indústria de etanol de milho em Novo Cantu/PR (45% de progresso). Sugerido: contatar diretoria industrial para prospecção de serviços complementares.  | https://news.google.com/rss/articles/CBMiygFBVV95cUxONTlUQkFNMGo2aVM3SmpLNk0xSy1CT0lZbXRQMHBxaHFSbW95TUlXNzllZEd4Rm1yV2NDdGxoMGZySTc3UDZ3ZTlhdTJfaU1ObnBEcXBOMF8xdllaX3JrNldaYnR2MUR3S1F5WmVBa21yczZzTEs0dG1NMGI1RVliRjlGbnFjZVJNcndHS2dMUjhCZzBSQlBkMFV3THRoMy04WndtWWZiWlZFT0g3VnhObnBiM0s4MlNBYkk0Sk9KX3daV0JmY05tZ1R3?oc=5
Coamo,Cooperativa,,,,Armazenagem / Silos,Notícia / Anúncio,0,A identificar,A identificar,,,Mapeado,12/03/2026,"Coamo adquiriu planta de beneficiamento e silo de grãos da Belagrícola - investigar possibilidades de ampliação, modernização ou adequação da estrutura.  | https://news.google.com/rss/articles/CBMipgFBVV95cUxPaXNLZElNUkZlRW9naVdTY3lYNUc1WENNZ093MGEyMnBoR29iX2JxUDkzUFJPQzh3VlNrX3gyVFgzV2V2UXZFdTZNWmtpUU9iYnc2Q3diMk1uQnMyUldmZ1psOTJWbS1zMVN2S0psSG1yZVpjQWpIRlFTSm5iZm1hdDk2bXQ2eWtUelpscVRaZ3pnUk5nXzBKdTB3VjJJaHJucXBQdzBB?oc=5"
Cooperativa Comigo,Cooperativa,GO,,,Armazenagem / Silos,Notícia / Anúncio,0,A identificar,A identificar,,,,Mapeado,Pós-obra,16/01/2024,https://news.google.com/rss/articles/CBMipgFBVV95cUxPQ1JyemkydzJoSnpEVkVJbmNRRlhydFdMTUhCR1ZSVmhkNmRVOGlLTWMwY0F2MTBtaWVOLVhCVElTb21MLUtTRlQtZ2pXNmt6Mm45MURmcE1icXZBSVFST0tuZUJpNjlUdFVGYTNwVFZ6dHRhYVY1YzVyaXlFR1hXQl92azFCX01GQzdPSV9hckszS3RXRHdlRTVOaTVEbE9GZk9NMEp3?oc=5,Cooperativa Comigo inaugurou maior unidade armazenadora de Goiás. Obra já concluída; avaliar demanda por ampliações futuras ou novas unidades.
Coopercitrus,Cooperativa,SP,Colina,,Fábrica de Ração,Notícia / Anúncio,0,A identificar,A identificar,,,,Mapeado,Pós-obra,16/11/2022,https://news.google.com/rss/articles/CBMirwFBVV95cUxPYzg3ajVqenFZM1JzM3dWR3lSMzBzY01uM19GMVB1N3BLWE1INjV1UG1tOFRNTGhBMG5nZmVYeUZHNmpPdmRiX0llaUhaeUw1M0daTWJWM0tVdUluVzVtZ0p2Y2xPZkJHdjRsbmo0LTlKemhISnl2SWFkRWRJWVZVUmdiRjVTZjJuRzFqbFpobXV3Ni1WdHlidlE5dElfMEdiYklMUG03UGlHeGIxUy1B0gG-AUFVX3lxTFA2NXNGckJraEdZRzR6ZnBaTzZqT19tajk3RUlaVFM0djJGUURGTHU2ei02c1RTaE1NR0VHWmNUVmVhcXF5MjJycG0wcnhLQTEzT1lOY1RsVFhKWHcxS0g4eEpGUV81LVRCd3ExVjJwZ3dHZ2JwcHE1RWhmWWNiOTQyYnVYeUxVQWcyTkNNWTRSQjEtT285OHdDb1d5N21GdmREd2xZZ1FUVWNqc1JOZWhkWUNGb1pERUZYSENoWnc?oc=5,Coopercitrus inaugurou fábrica de ração em Colina/SP. Obra já concluída.
Coamo,Cooperativa,PR,Campo Mourão,,Fábrica de Ração,Notícia / Anúncio,0,A identificar,A identificar,,,,Mapeado,Pós-obra,16/08/2024,https://news.google.com/rss/articles/CBMiqAFBVV95cUxPRmszWVF4UHVNV0ZZSFRQaGZwcjBEWTZ5YkNrQVNzX0NfeFdHdUlEem9UbFU5X2RLVGZvLTM4dDN4ZHNXMi1HU1M2R2xPTG9maTVZVjNwVXdzMDRBOWthcFRGUkM0ekF2OGxCQVd0c1ZIa3RObnAtN3dqYkE3VXVTRmJGVVd3TjdYcVZfWThRQ1JTa05Rck10OE9xV0FYMlFzVS1aamVOQkLSAbABQVVfeXFMUDZUUHpheEptVFBJdHAycUVCX1U4X2RFWGtQTUUwTXktOTNnMWtxVDBNS3dmMTVqVlRmN3dSSVJ1dzFjRTZpMlV0TUV3ZjJwWWthUEN4QjNvdUcwUUVQbG1qU1VFQ19Za1pVUTNxemcwRzBQZ2IwZTg3clpzZ1lpbk5iYVl0Vm9TSmp3M3pIQXlXZDNTOGlISnFpRFlSd2ZhSzN1TXVxb212SGNoV0hvbEg?oc=5,"Coamo inaugura fábrica de ração em Campo Mourão - obra concluída. Oportunidade para manutenção, ampliação ou novos projetos."
Comigo,Cooperativa,GO,,,Armazenagem / Silos,Notícia / Anúncio,0,A identificar,A identificar,,,,Mapeado,Pós-obra,16/01/2024,https://news.google.com/rss/articles/CBMi6wFBVV95cUxPdFpNNUNXU2NWYWFaR1lXMkJ4NGRQdmpfd1FvckE5STN0dHZROXE0NUhreDN4QVYzS0Y0VjFNbDZOaFl6bHNvMndYeENQcUF2TnJCSTItelJHXzdnYTVjekIwZnQ2SzZOLXpOcVZLNjhhdHFKczlOUzdDZGhmcXpfNWFqd2M2NlFmbjVubV96ZU1oOEtubDRQRzdFY0p6dFRheHJ6dkxvSV9GcXhDYnAtcjAyNjVTRlJFUi1ETVdjVWJGWkYtdkVYYThFNTJBZFptS09zXzEyazVPdWRKUkZFN1h6VE5Ha1h3dHNj0gH6AUFVX3lxTE9PaUxBNUEtR1NsUExPZ2l4VW44bFd1X1o2djBQWXFQZ1ZWX183Z0puYTMyaEdUeVVibFZFX2JyM0t6elNlU3Z6RHozdGl5VHRKLXgtZDQ1cndVTlZQek1iOFd2SXEtYlVmZnhlNFVsdWx2anBuMGp2N0JTY3VFVG5WZEtVbGs2czF0VVpESTFpM0lrWjBoeURCWm1uRTVaM0w1dW5JM08yOHZuTmd6bzBzWU9RelNVMHFxMm9lWTBFbHkyV2ZBVEp4UVJZQWdUR2pBak1tQ1Qwb1VNWHJLR1NENjBZeU1OMnpZMmFRRFdIS0dFTEJJVE9FNGc?oc=5,Comigo inaugura maior unidade armazenadora de grãos de Goiás em janeiro/2024. Obra concluída.
Pecuarista,Produtor / Fazenda,,,,Frigorífico / Granja,Notícia / Anúncio,8500000,A identificar,A identificar,,,,Mapeado,,07/01/2025,https://news.google.com/rss/articles/CBMikwFBVV95cUxQb2VTNkRaN2lpSHMtMW4xRHB5cldOTnVrMldhc1g1T0F3NXRDWFpWV2VJUjJkN0NVdkg2V3RSMG0xcjlILWVPbV9yang4aUNrdF9zN21paW9iOTVjNHAwMnRuUXg4UXFEMWFXSFpDZUg4bzAxMThUNmFEbWVhNVBvNTZ0UTlYVEVwT19nakV1RjVqdW8?oc=5,"Pecuarista investe R$ 8,5 milhões em montagem de granja com 6.000 leitões; prospectar para fornecimento de estruturas, instalações e demais serviços de construção civil."
Coamo,Agroindústria,PR,Cantu,,Estrutura Industrial Geral,Notícia / Anúncio,0,A identificar,A identificar,,,,Mapeado,Em obra,28/05/2026,https://news.google.com/rss/articles/CBMiygFBVV95cUxONTlUQkFNMGo2aVM3SmpLNk0xSy1CT0lZbXRQMHBxaHFSbW95TUlXNzllZEd4Rm1yV2NDdGxoMGZySTc3UDZ3ZTlhdTJfaU1ObnBEcXBOMF8xdllaX3JrNldaYnR2MUR3S1F5WmVBa21yczZzTEs0dG1NMGI1RVliRjlGbnFjZVJNcndHS2dMUjhCZzBSQlBkMFV3THRoMy04WndtWWZiWlZFT0g3VnhObnBiM0s4MlNBYkk0Sk9KX3daV0JmY05tZ1R3?oc=5,"Indústria de etanol de milho da Coamo em Cantu (PR) com 45% de execução, entrando em fase de montagens. Acompanhar evolução e oportunidades de fornecimento/complementação."
C.Vale,Cooperativa,PR,Goioerê,,Estrutura Industrial Geral,Notícia / Anúncio,0,A identificar,A identificar,,,,Mapeado,Pós-obra,26/05/2026,https://news.google.com/rss/articles/CBMioAFBVV95cUxPdEVheHpaWG5ycGRPR0pwakp3ZGd2TWJ5ZGg1VDBMWmxMNHhMeTNXb29VXzRQMzR5TTFpdTJPT09KNGxEZndEZldtbnoteENtMlM0SkpYSmtTRTBXRFJsNS13UlExZk13WGVqMDZhRTRtbzZuSVJ6Ymd1Wkp3WVFMRGlWdmtFRERNbmp2QWNSbnUxM1RwbDktM2hjRjNhWlpL?oc=5,C.Vale inaugura nova unidade em Goioerê (PR) - obra já concluída. Oportunidade para prospeccionar serviços pós-obra ou projetos futuros junto à cooperativa.
A identificar,Produtor / Fazenda,,,,Frigorífico / Granja,Notícia / Anúncio,8500000,A identificar,A identificar,,,,Mapeado,Em obra,07/01/2025,https://news.google.com/rss/articles/CBMikwFBVV95cUxQb2VTNkRaN2lpSHMtMW4xRHB5cldOTnVrMldhc1g1T0F3NXRDWFpWV2VJUjJkN0NVdkg2V3RSMG0xcjlILWVPbV9yang4aUNrdF9zN21paW9iOTVjNHAwMnRuUXg4UXFEMWFXSFpDZUg4bzAxMThUNmFEbWVhNVBvNTZ0UTlYVEVwT19nakV1RjVqdW8?oc=5,"Pecuarista investe R$ 8,5 milhões na construção de granja com capacidade para 6.000 leitões; necessário contato para identificar empresa e localização exata da obra."
Coamo,Cooperativa,PR,,,Estrutura Industrial Geral,Notícia / Anúncio,0,A identificar,A identificar,,,,Mapeado,Em obra,05/06/2026,https://news.google.com/rss/articles/CBMizAFBVV95cUxNSG00dGNrbXFHX2xZRWNzR3k3QXJpMGJ3SHVaU2J2NTY4ODlmVGFNNDEzXzRmZU1RN1pySlpqZGxfX0ZGWXU0X2dCQmQ2SV91VzZ2OGgtM3hwZXRWZUhYSGtsVnRHQjY1bmFtb0pEcDNqcnE2anRLTkYxSnByTXZnY2hFOWVyQk5yZGduRHZWaGNudU04X0ZoVkl4R3dlVzNlM1AtdmNTZktlQjdReEJFNE9RTF9SSWRRUHBQeWtoM3F6M2ZrckdJcUlEQ1c?oc=5,Coamo está acelerando construção de usina de etanol de milho no Paraná; obra em andamento com potencial de gerar 2 mil empregos. Próximo passo: prospectar contato direto com gerência de projetos para oportunidade de serviços.
Aurora,Agroindústria,RS,,,Fábrica de Ração,Notícia / Anúncio,0,A identificar,A identificar,,,,Mapeado,,02/11/2020,https://news.google.com/rss/articles/CBMihwFBVV95cUxQT3BwR3RsRTV5RnNJWkFab0d5b0ZfY1lfU3NtcFl0NkRUS1ZBM0dKMHpQVTVEWHhKWEo0Q1o2ei12WHBuUVNNVDEyM2JLcDI2Q1VacHhzSXdvZXJNLXFsZ0UyVUMyUGNHdlA0MWY1X1ZwcTM3NzRkN2FXcFJvYXZwMU5sekQxYTg?oc=5,"Aurora anuncia construção de fábrica de ração no RS. Necessário identificar localização, fases de projeto e decisor responsável."
Coopavel,Cooperativa,PR,,,Armazenagem / Silos,Notícia / Anúncio,79900000,A identificar,A identificar,,,,Mapeado,Financiamento,02/06/2026,https://news.google.com/rss/articles/CBMitwFBVV95cUxOOXlSNTBzVll6NHlGQVdoX0pOMjB2bTM1MEVySmRNdmdhdU0tQUw5cmxCdDFpMVNZeDZYX084WjRRdzJPZ3BIYmdjSms1NkVLekJObnBuMS1LeEVTTjhqcFZna3V3SElOVDZOY3dDd0JFZG1QNTU2WTZoRXpkOU5nWmFqeFFtX1puZDY5WEhhc3l3amhDMnlfQWRuNUI5UU9GcVJ1cmZrNFo4UEJTQzNSbXYwTjdMcDQ?oc=5,"Coopavel captou R$ 79,9 milhões do BNDES para construção de novas unidades de armazenagem no Paraná. Próximo passo: definir projeto, localização das unidades e iniciar processo de cotação de obras."
Coamo AgFeed,Cooperativa,PR,,,Sementeira / UBS,Notícia / Anúncio,0,A identificar,A identificar,,,,Mapeado,Pós-obra,12/03/2026,https://news.google.com/rss/articles/CBMisAFBVV95cUxQLW0xWTJ5dXpuU1l0SFRZWENPZnB0ZE1ZTkwtU05ycFVsa1gwSllpdnVpWmZEczhzOU8zU0RtUmlIaUhkbV94SkZ3cExNUjY4LWk1SHplbmhvM0l4eEdUaWxxSTluN2tpS0lxUm8xUG5FOXB1aXNVeEFqWklVeW1Ja1prRE1jSzJFWTc2VlhBREFEekg2alhkU1dMMmhiSllGMFF3V2l0UkpXa3JfbmhsUg?oc=5,Coamo AgFeed adquiriu operação de beneficiamento de sementes da Belagrícola no Paraná; oportunidade de ampliação ou modernização da unidade
Frísia (ex-Batavo),Frigorífico,PR,,,Frigorífico / Granja,Notícia / Anúncio,40000000,A identificar,A identificar,,,,Mapeado,Financiamento,06/08/2015,https://news.google.com/rss/articles/CBMixAFBVV95cUxPM05zNi1JQnBlejNxanZQUkpEdVFGdkhDckl0UDhsc3RiUVVkbXA5cTdrVTdfYU4ydDlLSU0zc0FJTmlaSGtiTmVUTWtrRFd4MnhCRFlzd2swQTEyXzFJdFFiTnUxblpIcTFEbjZWbFdMblQ4RWttOXJNcGRObjF5Z29BNGFJRjUweWdmWkZmT1h5QVJKaHFxMHMtbTFmNXRsdGJCdDVLc3FVRXNMU2VMcmtqSGpPQ0ZKeTJLbnZ6VWJOMGNn?oc=5,"Frísia investe R$ 40 milhões em nova unidade de suínos; próximo passo é confirmar localização, projeto executivo e cronograma de execução."
Frísia,Frigorífico,PR,Campos Gerais,Campos Gerais,Frigorífico / Granja,Notícia / Anúncio,0,A identificar,A identificar,,,,Mapeado,Pós-obra,06/08/2015,https://news.google.com/rss/articles/CBMihgJBVV95cUxOZGhmYkhuRktpczJ3YmFlRXNMOUtQOXNFelhvcXhJRDc1V29QOG54eHhQRVRmZUZrR3ZvczZ4UkFXOXotV0lUMDFoMnM3VncyR2otcVBtbndjbTlPNXZOSkExQklObHJJdVNQd3M0TEJzUEpHXzcxTjNpcF91c294N3RGNDlDeXMxQ3puNExNNlpwbTRSSzlFWUJKTlFsZjl4VktwMldra0tvNzFsUE1sYUNnUHpuRktIaTRvbXRodXVJd25tV3NMSFphT0tfZENoWkwyVUtPLW9OZ1p1NzlmYm9yYU9xTDVCa0tiNEZ0LUpld0wwZTJwQlduQmwyUDBmYnh2R3Bn?oc=5,Frísia (ex-Batavo) inaugurou granja milionária nos Campos Gerais para fomentar suinocultura - obra concluída.
Cotrisal,Cooperativa,RS,,região Noroeste,Estrutura Industrial Geral,Notícia / Anúncio,75000000,A identificar,A identificar,,,,Mapeado,Financiamento,13/11/2020,https://news.google.com/rss/articles/CBMiyAFBVV95cUxQQmhRbkJBNEhUeURjaU5xc0lOUkdkYUdNM1hmUFpZTlFtWEpfeWMzX1lwb28wYTl6M2NNeHc2ZVFIdEwxWERoSnJHbVFlMXRDOEUyMzlwbW1Xb0dpWXdRQnQ4Y1dQaFltUGZGV3Y2bUw4MEdJOGhBeFowRzF0RjFBMEtJWW1PdmN6X2JJTXBRU3BuQ0pTeC1rT0dLTW0zTm5tVGVPMndWY1RBYnFpQnNnZVkxQXkzRnNkcTVFdnNDRG91cEc2RjRNSA?oc=5,Cooperativa Cotrisal planeja investimento de R$ 75 milhões em expansão industrial no Noroeste do RS. Sugerido: contatar a cooperativa para conhecer detalhes do projeto e estruturas a serem construídas.
Coamo,Cooperativa,MS,Bandeirantes,,Armazenagem / Silos,Notícia / Anúncio,0,A identificar,A identificar,,,,Mapeado,Pós-obra,05/10/2021,https://news.google.com/rss/articles/CBMiswFBVV95cUxNZHNSTUFON1pLUHZyRU42WUp6cFV5b3pmQUFZNXRuVVhrXzIwdzFMNnVzRE1MdHpxeWVEd0xWdl9XOFlEQ2lBTDR4MTZVS2JmUUJQTnROY0NRYlVvX19EMnRyb1N6aXBhUno4UW5mN2tLS1puOEZrSE14czA1dVRrMTZ2WXpCT3VMdWM2RHZfYkJpZ0pnbFNfVTVyQm5UaF81aVVmVWNyYS1CeThta2ZDMkwxQQ?oc=5,Coamo inaugurou armazém em Bandeirantes/MS. Oportunidade para serviços pós-obra ou ampliações futuras.
Boa Safra,Cerealista,GO,,,Armazenagem / Silos,Notícia / Anúncio,0,A identificar,A identificar,,,,Mapeado,Pós-obra,04/03/2022,https://news.google.com/rss/articles/CBMijAFBVV95cUxOSEJMMFlRMUpZUGxKdWV6eHJEank5M2pFbXNnUXl3eVhsNmdJTzIwdzJHY3BUc1V1REtMQjA3cURfQ2l5ejN6Wjk3Sk1welYyaGNMVmtpYzIxZkZPNEJBMDJkYmRBV1ZZSzlMbktWSk81OUxnbGYzaW9sS1dkLWJ2LTFPY1RraHBVSWU2cw?oc=5,Boa Safra finalizou obra de expansão em Goiás; oportunidade de acompanhamento para possíveis ampliações futuras ou novas demandas
Serra Bonita Sementes,Sementeira,MT,,,Sementeira / UBS,Notícia / Anúncio,0,A identificar,A identificar,,,,Mapeado,Em obra,28/04/2016,https://news.google.com/rss/articles/CBMizwFBVV95cUxOSjJ1c3JTRWlVLTM5MXh3RjFjQmo0aEFFTGNacW5YRXdzdzh1S3dHa1Z0X3Z5T3g0UEFzOHptUXNwQVhQZmkxM1R6S0ludU5jWmUyX1VOa0ZERnlGUXhIZGdUZ19vZjR5eFd2V2dNUkJsSm1naFpHZVlBWU1UYU5ic3NNQmZfX1FlN2RFNUJsOHh0emFsdUpDYnhmYno2aGNTXzVKLVRXU1hMS0RXeWNMNWZHQVBCSnhaWXpVck96Smg1bkstMkZucHhBUmFsQVE?oc=5,Unidade de beneficiamento de sementes em finalização na Serra Bonita Sementes (MT). Acompanhar conclusão e demandas pós-obra.
Lar Cooperativa Agroindustrial,Cooperativa,MS,Caarapó,,Estrutura Industrial Geral,Notícia / Anúncio,0,A identificar,A identificar,,,,Mapeado,Pós-obra,01/12/2020,https://news.google.com/rss/articles/CBMizAFBVV95cUxPYjhmU1lyRWwzV1p4SndraWtKeER6cW1JeUh1ZmlKVE1SRllMNTlETlZFbXc5LVRmR0FidE9Qa2pWNzFtZ2RiSkxHTDZ3OVluWDRKdVB3NUtkdXliNG5DcUhZS1NzWkh4UVhGNG4zeng5ZlZVYWIyU3lQZHFEUG1DRjU1eDNtMUNPaWtUUHUxTWduYUNZWUdTMW1aOVdNM0VnSHI3Q2pIUGFxSGYwUnp3amJMT1ZmdmxVZjQwS2VHaFBpaUU1azc3ZE05Q2w?oc=5,Complexo processador de soja inaugurado pela Lar Cooperativa Agroindustrial em Caarapó/MS. Obra concluída.
Copasul,Cooperativa,MS,Ivinhema,,Armazenagem / Silos,Notícia / Anúncio,0,A identificar,A identificar,,,,Mapeado,Pós-obra,06/07/2017,https://news.google.com/rss/articles/CBMixwFBVV95cUxQV1p0RmRaNUxtYkJWbTN2Q1l6MGExeGRMYVYxUGtxX2Y5V2plSExocFdYNzZtMjhhZFFpZ0pUTnNjZFY0SWM1TTBucUhhNHlLR2ZGeXFQWl9Lb2I5cUhpRzZkdEJ0di1HM0N0UE1hM3h6OTdPWWlpQm91eFhMUUQwX2UwR2ZodF83TFBCdm0tOVpOZXpQdER5TGlpSG16b0xyOFAyc3RvTVd6OVgyemI2UE8xbE5qVnlUTjZHVF9NZlgzS0psZEpj?oc=5,Copasul inaugurou Unidade Armazenadora de Grãos em Ivinhema/MS - obra já concluída
Cocamar,Cooperativa,PR,,,Armazenagem / Silos,Notícia / Anúncio,600000000,A identificar,A identificar,,,,Mapeado,Financiamento,07/08/2023,https://news.google.com/rss/articles/CBMipgFBVV95cUxOckhBWGhIMXU4VUFHOFpZNXhxQVVPcmpyWkkxajhNR0FZcS1YUWFpRGhXWWZGUVVjNzdSUXczZUVxSjNINl9uRWZUWEM0RGVIY3hadXNMQ3hXWXpoczh2QV85WnV6VkNheE9MMmZrMVVmb1U0VUZqdXQ5TFg2cFlXMDJTNUtJUG9EeERRWWdQbTBpNHVlNFR3VmM1TEkzYjRXdmdGV1d3?oc=5,Cocamar planeja investimento de R$ 600 milhões em ampliação de armazenagem. Recomenda-se contato direto com a cooperativa para detalhes do projeto e cronograma.
Pecuarista (não identificado),Produtor / Fazenda,,,,Frigorífico / Granja,Notícia / Anúncio,8500000,A identificar,A identificar,,,,Mapeado,Em obra,07/01/2025,https://news.google.com/rss/articles/CBMikwFBVV95cUxQb2VTNkRaN2lpSHMtMW4xRHB5cldOTnVrMldhc1g1T0F3NXRDWFpWV2VJUjJkN0NVdkg2V3RSMG0xcjlILWVPbV9yang4aUNrdF9zN21paW9iOTVjNHAwMnRuUXg4UXFEMWFXSFpDZUg4bzAxMThUNmFEbWVhNVBvNTZ0UTlYVEVwT19nakV1RjVqdW8?oc=5,"Pecuarista investindo R$ 8,5 milhões na montagem de granja com capacidade para 6.000 leitões — próximo passo: identificar contato e localização exata para prospecção de serviços de construção e infraestrutura."
